timestamp,open,high,low,close,volume
2026-02-21 22:59:00+00:00,67950.0,68000.99,67949.7,67972.0,6.3508
2026-02-21 23:00:00+00:00,67972.0,67980.82,67946.53,67972.79,7.77758
2026-02-21 23:01:00+00:00,67972.8,68017.28,67972.8,67999.12,5.74757
2026-02-21 23:02:00+00:00,67999.11,68017.28,67999.11,68008.61,3.56217
2026-02-21 23:03:00+00:00,68008.62,68008.62,67945.79,67950.0,7.41023
2026-02-21 23:04:00+00:00,67950.0,67969.88,67941.02,67941.02,6.67875
2026-02-21 23:05:00+00:00,67941.03,67969.87,67941.03,67952.95,2.82481
2026-02-21 23:06:00+00:00,67953.99,67994.22,67948.17,67994.22,3.58377
2026-02-21 23:07:00+00:00,67994.21,67999.32,67990.49,67997.33,2.27508
2026-02-21 23:08:00+00:00,67997.33,68006.01,67997.32,68006.0,2.37222
2026-02-21 23:09:00+00:00,68005.99,68006.0,67990.5,67990.5,0.84803
2026-02-21 23:10:00+00:00,67990.51,67990.51,67952.79,67987.75,2.88324
2026-02-21 23:11:00+00:00,67987.75,67999.65,67987.75,67999.65,0.79697
2026-02-21 23:12:00+00:00,67999.65,68010.06,67999.64,67999.64,6.31029
2026-02-21 23:13:00+00:00,67999.65,68006.76,67969.34,67992.34,3.43054
2026-02-21 23:14:00+00:00,67992.34,67992.35,67950.47,67950.48,1.83935
2026-02-21 23:15:00+00:00,67950.48,67982.07,67950.47,67982.06,2.85543
2026-02-21 23:16:00+00:00,67982.07,68003.12,67982.07,67990.51,4.27671
2026-02-21 23:17:00+00:00,67990.5,67990.51,67990.5,67990.51,1.7176
2026-02-21 23:18:00+00:00,67990.5,68020.0,67990.5,68020.0,5.28159
2026-02-21 23:19:00+00:00,68020.0,68026.63,68019.99,68026.6,1.38432
2026-02-21 23:20:00+00:00,68026.61,68041.75,68026.6,68036.22,2.26891
2026-02-21 23:21:00+00:00,68036.23,68072.4,68036.23,68043.52,4.64284
2026-02-21 23:22:00+00:00,68043.53,68055.26,68043.52,68055.25,2.62516
2026-02-21 23:23:00+00:00,68055.26,68068.35,68055.25,68068.34,1.31319
2026-02-21 23:24:00+00:00,68068.34,68068.35,68059.99,68059.99,2.0883
2026-02-21 23:25:00+00:00,68059.99,68060.0,68022.21,68036.65,3.86216
2026-02-21 23:26:00+00:00,68036.65,68051.33,68036.64,68044.12,1.12757
2026-02-21 23:27:00+00:00,68044.12,68095.53,68039.22,68087.03,4.742
2026-02-21 23:28:00+00:00,68087.02,68087.03,68087.02,68087.02,0.64893
2026-02-21 23:29:00+00:00,68087.03,68087.03,68075.77,68075.77,0.88408
2026-02-21 23:30:00+00:00,68075.77,68075.78,68075.77,68075.77,0.82817
2026-02-21 23:31:00+00:00,68075.77,68075.78,68075.77,68075.77,0.50667
2026-02-21 23:32:00+00:00,68075.77,68081.07,68075.77,68075.77,4.82004
2026-02-21 23:33:00+00:00,68075.77,68090.18,68075.77,68085.9,1.82102
2026-02-21 23:34:00+00:00,68085.9,68101.63,68084.6,68101.63,1.77715
2026-02-21 23:35:00+00:00,68101.63,68124.54,68101.2,68105.58,5.72229
2026-02-21 23:36:00+00:00,68105.59,68105.59,68105.58,68105.58,0.42161
2026-02-21 23:37:00+00:00,68105.58,68105.59,68077.8,68091.67,5.69689
2026-02-21 23:38:00+00:00,68091.66,68099.71,68091.66,68099.7,1.71116
2026-02-21 23:39:00+00:00,68099.71,68116.22,68099.7,68116.21,3.38762
2026-02-21 23:40:00+00:00,68116.21,68116.21,68079.35,68079.35,3.54569
2026-02-21 23:41:00+00:00,68079.36,68099.17,68079.35,68099.16,3.41658
2026-02-21 23:42:00+00:00,68099.17,68099.17,68069.13,68071.15,3.96748
2026-02-21 23:43:00+00:00,68071.14,68081.26,68071.14,68081.26,1.07781
2026-02-21 23:44:00+00:00,68081.25,68081.26,68054.66,68058.0,3.62469
2026-02-21 23:45:00+00:00,68057.99,68057.99,68035.75,68041.26,1.40049
2026-02-21 23:46:00+00:00,68041.27,68041.27,68014.07,68033.23,4.98004
2026-02-21 23:47:00+00:00,68033.22,68062.09,68033.22,68054.38,2.44776
2026-02-21 23:48:00+00:00,68054.37,68054.38,67973.68,67973.68,14.54258
2026-02-21 23:49:00+00:00,67973.69,67991.45,67973.68,67991.44,5.02456
2026-02-21 23:50:00+00:00,67991.45,67991.45,67980.15,67980.15,2.52955
2026-02-21 23:51:00+00:00,67980.16,68012.77,67980.15,68012.77,2.78802
2026-02-21 23:52:00+00:00,68012.76,68012.77,67980.31,67980.31,5.64013
2026-02-21 23:53:00+00:00,67980.32,67998.26,67980.31,67998.26,1.66841
2026-02-21 23:54:00+00:00,67998.26,68007.44,67980.39,67980.39,4.11069
2026-02-21 23:55:00+00:00,67980.4,68009.14,67980.4,68009.14,1.69639
2026-02-21 23:56:00+00:00,68009.13,68017.0,68009.13,68016.99,1.47131
2026-02-21 23:57:00+00:00,68016.99,68017.0,68002.78,68006.64,9.65706
2026-02-21 23:58:00+00:00,68006.64,68022.72,68006.64,68022.71,1.32011
2026-02-21 23:59:00+00:00,68022.72,68022.72,67975.93,67975.93,3.15519
2026-02-22 00:00:00+00:00,67975.93,67987.05,67964.88,67980.08,10.771
2026-02-22 00:01:00+00:00,67980.08,67980.08,67939.74,67939.74,7.92438
2026-02-22 00:02:00+00:00,67939.75,68014.74,67939.74,68010.61,9.21489
2026-02-22 00:03:00+00:00,68010.61,68014.74,68000.08,68003.84,4.33906
2026-02-22 00:04:00+00:00,68003.85,68020.98,68003.84,68020.98,4.50911
2026-02-22 00:05:00+00:00,68020.97,68031.2,68005.22,68030.82,5.26412
2026-02-22 00:06:00+00:00,68030.83,68030.83,68030.8,68030.8,1.88493
2026-02-22 00:07:00+00:00,68030.81,68030.81,67956.48,67962.07,6.4173
2026-02-22 00:08:00+00:00,67962.07,67994.33,67962.07,67984.8,3.47567
2026-02-22 00:09:00+00:00,67984.8,68030.52,67984.8,68030.52,3.89454
2026-02-22 00:10:00+00:00,68030.51,68030.51,67997.12,68014.13,4.50138
2026-02-22 00:11:00+00:00,68014.14,68018.0,68013.4,68013.4,1.0143
2026-02-22 00:12:00+00:00,68013.41,68037.27,68013.4,68037.27,2.57864
2026-02-22 00:13:00+00:00,68037.27,68037.43,68037.27,68037.43,1.49144
2026-02-22 00:14:00+00:00,68037.43,68037.43,68015.08,68015.09,3.69251
2026-02-22 00:15:00+00:00,68015.08,68023.54,68015.08,68016.97,1.7039
2026-02-22 00:16:00+00:00,68016.96,68060.4,68016.96,68060.39,3.33548
2026-02-22 00:17:00+00:00,68060.4,68060.4,68024.0,68024.0,5.9348
2026-02-22 00:18:00+00:00,68024.01,68024.01,67969.15,67982.45,6.13313
2026-02-22 00:19:00+00:00,67982.45,67994.11,67982.44,67994.1,2.5053
2026-02-22 00:20:00+00:00,67994.11,67994.11,67942.4,67952.19,6.87427
2026-02-22 00:21:00+00:00,67952.19,67957.51,67900.0,67900.01,9.97133
2026-02-22 00:22:00+00:00,67900.0,67901.7,67855.0,67878.01,28.32452
2026-02-22 00:23:00+00:00,67878.01,67880.0,67870.03,67871.96,3.92957
2026-02-22 00:24:00+00:00,67871.97,67882.21,67867.4,67867.4,7.24897
2026-02-22 00:25:00+00:00,67867.41,67867.41,67809.78,67817.46,12.90613
2026-02-22 00:26:00+00:00,67817.47,67850.0,67817.46,67850.0,5.46743
2026-02-22 00:27:00+00:00,67849.99,67850.0,67820.0,67827.24,3.87414
2026-02-22 00:28:00+00:00,67827.25,67875.05,67827.25,67875.05,9.79623
2026-02-22 00:29:00+00:00,67875.05,67877.57,67856.02,67856.03,6.51314
2026-02-22 00:30:00+00:00,67856.03,67906.95,67856.03,67900.91,7.61016
2026-02-22 00:31:00+00:00,67900.92,67910.02,67900.91,67906.94,3.94108
2026-02-22 00:32:00+00:00,67906.95,67918.78,67896.67,67918.77,3.27869
2026-02-22 00:33:00+00:00,67918.78,67931.16,67841.36,67880.03,11.24713
2026-02-22 00:34:00+00:00,67880.03,67885.09,67852.0,67852.0,3.12477
2026-02-22 00:35:00+00:00,67852.01,67885.08,67852.01,67885.08,1.22225
2026-02-22 00:36:00+00:00,67885.08,67892.73,67882.7,67892.72,2.09725
2026-02-22 00:37:00+00:00,67892.73,67892.73,67872.6,67872.6,5.95673
2026-02-22 00:38:00+00:00,67872.6,67872.6,67861.45,67861.45,3.14691
2026-02-22 00:39:00+00:00,67861.46,67891.53,67849.6,67887.2,6.04105
2026-02-22 00:40:00+00:00,67887.2,67887.8,67874.87,67887.35,2.79363
2026-02-22 00:41:00+00:00,67887.35,67890.72,67882.25,67887.71,4.47008
2026-02-22 00:42:00+00:00,67887.71,67890.71,67879.21,67879.21,2.21111
2026-02-22 00:43:00+00:00,67879.21,67879.21,67866.67,67872.92,1.95244
2026-02-22 00:44:00+00:00,67872.92,67881.87,67846.0,67846.01,2.07159
2026-02-22 00:45:00+00:00,67846.01,67877.82,67846.01,67877.82,3.65269
2026-02-22 00:46:00+00:00,67877.81,67886.0,67877.81,67881.08,1.77066
2026-02-22 00:47:00+00:00,67881.09,67881.09,67844.0,67848.25,2.42065
2026-02-22 00:48:00+00:00,67848.25,67869.18,67848.25,67861.8,4.75779
2026-02-22 00:49:00+00:00,67861.8,67863.91,67852.19,67863.9,2.54927
2026-02-22 00:50:00+00:00,67863.89,67863.9,67851.38,67856.97,1.46343
2026-02-22 00:51:00+00:00,67856.98,67885.21,67856.97,67885.2,3.4656
2026-02-22 00:52:00+00:00,67885.21,67885.21,67878.41,67878.42,1.88663
2026-02-22 00:53:00+00:00,67878.41,67878.42,67862.53,67862.54,3.92311
2026-02-22 00:54:00+00:00,67862.53,67887.71,67862.53,67887.71,1.18605
2026-02-22 00:55:00+00:00,67887.71,67887.71,67881.36,67887.71,7.70243
2026-02-22 00:56:00+00:00,67887.71,67887.71,67881.35,67881.36,1.2568
2026-02-22 00:57:00+00:00,67881.36,67895.97,67881.35,67895.97,1.44389
2026-02-22 00:58:00+00:00,67895.97,67934.99,67895.96,67922.29,3.90195
2026-02-22 00:59:00+00:00,67922.28,67962.6,67922.28,67946.0,6.56808
2026-02-22 01:00:00+00:00,67946.0,67946.0,67945.99,67946.0,2.42559
2026-02-22 01:01:00+00:00,67946.0,67980.4,67945.99,67975.42,6.12796
2026-02-22 01:02:00+00:00,67975.41,68009.66,67975.41,67991.19,3.04992
2026-02-22 01:03:00+00:00,67991.2,68000.0,67976.41,67992.72,5.95958
2026-02-22 01:04:00+00:00,67992.72,67992.73,67992.72,67992.72,2.24548
2026-02-22 01:05:00+00:00,67992.73,68040.0,67992.72,68030.73,14.18626
2026-02-22 01:06:00+00:00,68030.72,68058.25,68030.72,68058.25,11.22113
2026-02-22 01:07:00+00:00,68058.25,68081.26,68023.06,68023.07,11.77122
2026-02-22 01:08:00+00:00,68023.06,68035.39,68013.41,68034.47,3.78964
2026-02-22 01:09:00+00:00,68034.47,68045.34,68029.03,68045.34,2.30616
2026-02-22 01:10:00+00:00,68045.34,68045.34,68008.03,68013.41,4.33122
2026-02-22 01:11:00+00:00,68013.41,68036.8,68013.4,68036.79,1.77627
2026-02-22 01:12:00+00:00,68036.8,68036.8,68023.6,68026.01,0.95205
2026-02-22 01:13:00+00:00,68026.01,68027.87,68025.99,68027.86,3.8063
2026-02-22 01:14:00+00:00,68027.87,68036.34,68027.86,68033.38,2.19555
2026-02-22 01:15:00+00:00,68033.38,68050.0,68027.86,68027.87,3.03498
2026-02-22 01:16:00+00:00,68027.86,68027.87,68010.14,68022.29,3.28264
2026-02-22 01:17:00+00:00,68022.29,68071.58,68022.28,68071.58,9.68748
2026-02-22 01:18:00+00:00,68071.57,68086.0,68071.57,68077.55,3.46776
2026-02-22 01:19:00+00:00,68077.56,68077.56,68057.74,68060.0,2.3107
2026-02-22 01:20:00+00:00,68060.0,68060.0,68049.61,68050.16,2.37566
2026-02-22 01:21:00+00:00,68050.16,68053.75,68044.21,68053.75,1.86139
2026-02-22 01:22:00+00:00,68053.75,68073.66,68053.74,68068.09,2.56762
2026-02-22 01:23:00+00:00,68068.09,68068.09,68058.4,68060.35,2.02135
2026-02-22 01:24:00+00:00,68060.34,68110.41,68060.34,68092.18,14.50736
2026-02-22 01:25:00+00:00,68092.19,68106.0,68070.01,68096.15,33.35989
2026-02-22 01:26:00+00:00,68096.14,68106.0,68096.14,68105.99,2.29892
2026-02-22 01:27:00+00:00,68106.0,68107.18,68098.56,68098.57,3.10897
2026-02-22 01:28:00+00:00,68098.56,68098.57,68089.49,68089.5,0.89205
2026-02-22 01:29:00+00:00,68089.49,68116.6,68089.49,68116.6,6.84124
2026-02-22 01:30:00+00:00,68116.6,68156.94,68116.59,68152.8,14.23726
2026-02-22 01:31:00+00:00,68152.8,68152.8,68101.2,68116.5,5.50544
2026-02-22 01:32:00+00:00,68116.5,68124.21,68116.5,68124.21,1.75217
2026-02-22 01:33:00+00:00,68124.2,68124.21,68081.14,68081.14,1.80159
2026-02-22 01:34:00+00:00,68081.14,68081.15,68076.04,68076.05,1.16128
2026-02-22 01:35:00+00:00,68076.04,68076.05,68039.36,68060.86,12.32417
2026-02-22 01:36:00+00:00,68060.86,68060.86,68051.31,68051.31,1.54482
2026-02-22 01:37:00+00:00,68051.32,68079.23,68043.79,68079.23,1.02008
2026-02-22 01:38:00+00:00,68079.23,68099.76,68079.23,68094.0,2.10089
2026-02-22 01:39:00+00:00,68094.0,68099.83,68064.77,68064.77,1.39574
2026-02-22 01:40:00+00:00,68064.78,68099.62,68064.78,68094.84,4.17591
2026-02-22 01:41:00+00:00,68094.84,68121.91,68094.84,68121.91,0.99271
2026-02-22 01:42:00+00:00,68121.91,68121.91,68121.9,68121.9,0.45363
2026-02-22 01:43:00+00:00,68121.91,68121.91,68116.5,68116.5,1.94068
2026-02-22 01:44:00+00:00,68116.5,68126.46,68095.96,68126.46,3.28344
2026-02-22 01:45:00+00:00,68126.45,68126.45,68101.76,68101.77,1.84032
2026-02-22 01:46:00+00:00,68101.77,68101.77,68093.98,68097.44,10.10745
2026-02-22 01:47:00+00:00,68097.44,68148.92,68097.44,68148.62,3.57082
2026-02-22 01:48:00+00:00,68148.62,68156.94,68145.2,68156.93,1.33983
2026-02-22 01:49:00+00:00,68156.94,68170.76,68156.94,68160.16,6.74647
2026-02-22 01:50:00+00:00,68160.16,68163.83,68160.16,68163.83,3.0728
2026-02-22 01:51:00+00:00,68163.82,68171.46,68163.82,68171.46,0.76999
2026-02-22 01:52:00+00:00,68171.46,68171.46,68161.17,68161.18,3.11705
2026-02-22 01:53:00+00:00,68161.17,68161.18,68150.0,68150.01,0.93076
2026-02-22 01:54:00+00:00,68150.01,68150.01,68150.0,68150.0,0.70717
2026-02-22 01:55:00+00:00,68150.01,68150.01,68114.72,68136.32,5.68271
2026-02-22 01:56:00+00:00,68136.32,68145.81,68125.14,68136.31,1.81123
2026-02-22 01:57:00+00:00,68136.31,68136.32,68136.31,68136.31,1.14023
2026-02-22 01:58:00+00:00,68136.32,68136.32,68136.31,68136.31,1.23834
2026-02-22 01:59:00+00:00,68136.32,68159.32,68136.31,68159.31,1.56385
2026-02-22 02:00:00+00:00,68159.32,68159.32,68129.37,68129.38,4.27972
2026-02-22 02:01:00+00:00,68129.38,68129.38,68124.05,68124.05,2.8687
2026-02-22 02:02:00+00:00,68124.06,68132.81,68121.78,68132.8,3.88347
2026-02-22 02:03:00+00:00,68132.81,68192.83,68132.8,68192.8,5.53533
2026-02-22 02:04:00+00:00,68192.8,68192.8,68140.76,68141.81,5.46945
2026-02-22 02:05:00+00:00,68141.81,68163.37,68141.81,68163.36,1.28312
2026-02-22 02:06:00+00:00,68163.36,68163.37,68153.78,68153.78,0.94888
2026-02-22 02:07:00+00:00,68153.78,68153.79,68140.89,68140.89,0.65463
2026-02-22 02:08:00+00:00,68140.9,68186.48,68134.81,68186.48,2.10603
2026-02-22 02:09:00+00:00,68186.48,68222.16,68186.48,68201.89,13.73464
2026-02-22 02:10:00+00:00,68201.88,68218.79,68201.88,68202.81,2.83944
2026-02-22 02:11:00+00:00,68202.8,68202.81,68173.71,68190.75,1.82472
2026-02-22 02:12:00+00:00,68190.75,68190.75,68175.11,68175.12,1.82204
2026-02-22 02:13:00+00:00,68175.12,68175.12,68175.11,68175.11,0.62451
2026-02-22 02:14:00+00:00,68175.12,68215.41,68166.75,68215.41,5.91436
2026-02-22 02:15:00+00:00,68215.41,68215.41,68193.35,68193.35,2.52111
2026-02-22 02:16:00+00:00,68193.36,68193.36,68154.0,68164.64,1.61933
2026-02-22 02:17:00+00:00,68164.65,68164.65,68134.88,68134.89,1.74068
2026-02-22 02:18:00+00:00,68134.89,68134.89,68134.88,68134.89,1.00359
2026-02-22 02:19:00+00:00,68134.89,68134.89,68100.0,68100.0,2.64475
2026-02-22 02:20:00+00:00,68100.01,68120.0,68100.0,68116.51,2.848
2026-02-22 02:21:00+00:00,68116.5,68116.51,68113.22,68113.22,1.0178
2026-02-22 02:22:00+00:00,68113.23,68113.23,68088.25,68088.26,1.19902
2026-02-22 02:23:00+00:00,68088.26,68088.26,68075.69,68076.4,3.5477
2026-02-22 02:24:00+00:00,68076.39,68076.4,68072.3,68072.31,0.97049
2026-02-22 02:25:00+00:00,68072.31,68085.87,68051.32,68085.87,2.07913
2026-02-22 02:26:00+00:00,68085.87,68102.67,68085.87,68099.06,2.61234
2026-02-22 02:27:00+00:00,68099.06,68099.06,68099.0,68099.0,2.80089
2026-02-22 02:28:00+00:00,68099.0,68099.01,68087.37,68087.38,2.99428
2026-02-22 02:29:00+00:00,68087.38,68087.38,68056.09,68056.09,1.84327
2026-02-22 02:30:00+00:00,68056.1,68086.07,68056.09,68082.0,4.26989
2026-02-22 02:31:00+00:00,68082.01,68082.01,68082.0,68082.01,3.34595
2026-02-22 02:32:00+00:00,68082.01,68094.51,68079.05,68094.51,2.67401
2026-02-22 02:33:00+00:00,68094.51,68094.51,68094.5,68094.51,3.03054
2026-02-22 02:34:00+00:00,68094.51,68116.67,68094.5,68112.95,5.92581
2026-02-22 02:35:00+00:00,68112.95,68112.96,68042.01,68053.72,25.13624
2026-02-22 02:36:00+00:00,68053.71,68053.71,68032.03,68039.14,2.8598
2026-02-22 02:37:00+00:00,68039.14,68039.14,68025.08,68025.08,6.34144
2026-02-22 02:38:00+00:00,68025.09,68025.09,68000.46,68021.79,8.26512
2026-02-22 02:39:00+00:00,68021.78,68021.79,67993.41,67996.0,3.49978
2026-02-22 02:40:00+00:00,67996.0,67996.0,67995.99,67996.0,0.55044
2026-02-22 02:41:00+00:00,67996.0,68008.68,67980.53,67992.15,19.86571
2026-02-22 02:42:00+00:00,67992.15,68002.47,67989.84,67997.68,10.02523
2026-02-22 02:43:00+00:00,67997.68,67997.68,67992.19,67994.56,8.51346
2026-02-22 02:44:00+00:00,67994.57,67994.57,67983.81,67983.82,2.38598
2026-02-22 02:45:00+00:00,67983.82,67997.67,67972.32,67990.5,2.60776
2026-02-22 02:46:00+00:00,67990.51,68031.61,67990.5,68031.6,10.08879
2026-02-22 02:47:00+00:00,68031.61,68031.61,68005.45,68005.45,2.50837
2026-02-22 02:48:00+00:00,68005.45,68005.46,67986.01,68000.55,1.98858
2026-02-22 02:49:00+00:00,68000.55,68000.56,67967.89,67967.89,2.03763
2026-02-22 02:50:00+00:00,67967.89,67993.38,67967.89,67993.37,2.63542
2026-02-22 02:51:00+00:00,67993.37,67993.38,67993.37,67993.38,0.8685
2026-02-22 02:52:00+00:00,67993.38,68002.38,67990.62,68002.37,0.84279
2026-02-22 02:53:00+00:00,68002.37,68016.52,68002.37,68003.4,2.31434
2026-02-22 02:54:00+00:00,68003.4,68003.4,67999.99,68001.59,1.91953
2026-02-22 02:55:00+00:00,68001.58,68001.59,67956.73,67957.62,14.42681
2026-02-22 02:56:00+00:00,67957.62,67979.32,67957.62,67979.31,1.90101
2026-02-22 02:57:00+00:00,67979.31,67979.32,67872.76,67872.77,45.25926
2026-02-22 02:58:00+00:00,67872.77,67911.2,67872.77,67906.79,7.51335
2026-02-22 02:59:00+00:00,67906.79,67909.68,67906.78,67909.68,0.58585
2026-02-22 03:00:00+00:00,67909.67,67933.21,67906.18,67933.2,7.09917
2026-02-22 03:01:00+00:00,67933.21,67965.49,67933.21,67965.48,3.1418
2026-02-22 03:02:00+00:00,67965.49,68012.0,67965.48,68001.2,4.93005
2026-02-22 03:03:00+00:00,68001.2,68001.21,67982.76,67982.76,1.21611
2026-02-22 03:04:00+00:00,67982.76,67982.95,67963.77,67963.77,2.25132
2026-02-22 03:05:00+00:00,67963.78,67987.9,67963.77,67980.3,1.76087
2026-02-22 03:06:00+00:00,67980.3,67980.3,67963.1,67974.35,3.40817
2026-02-22 03:07:00+00:00,67974.34,67974.35,67974.34,67974.35,0.43844
2026-02-22 03:08:00+00:00,67974.34,68008.99,67974.34,68006.67,7.71605
2026-02-22 03:09:00+00:00,68006.68,68006.68,67995.69,68006.68,2.50525
2026-02-22 03:10:00+00:00,68006.67,68006.68,67986.0,67986.01,1.74761
2026-02-22 03:11:00+00:00,67986.0,68022.98,67986.0,68022.97,3.95681
2026-02-22 03:12:00+00:00,68022.98,68022.98,68013.4,68018.0,1.72306
2026-02-22 03:13:00+00:00,68018.0,68018.01,68018.0,68018.0,0.95886
2026-02-22 03:14:00+00:00,68018.0,68018.01,68018.0,68018.0,1.11593
2026-02-22 03:15:00+00:00,68018.01,68040.05,68018.0,68040.05,1.80739
2026-02-22 03:16:00+00:00,68040.04,68040.05,68000.0,68000.0,2.5813
2026-02-22 03:17:00+00:00,68000.0,68000.01,67955.15,67961.43,4.7445
2026-02-22 03:18:00+00:00,67961.42,67961.43,67925.48,67939.39,12.35035
2026-02-22 03:19:00+00:00,67939.39,67939.39,67825.97,67848.26,60.73696
2026-02-22 03:20:00+00:00,67848.25,67866.38,67824.9,67858.25,17.79815
2026-02-22 03:21:00+00:00,67858.26,67876.31,67850.0,67876.31,2.36836
2026-02-22 03:22:00+00:00,67876.31,67891.1,67861.23,67890.44,2.07558
2026-02-22 03:23:00+00:00,67890.45,67916.49,67888.3,67888.31,2.75675
2026-02-22 03:24:00+00:00,67888.31,67901.37,67868.8,67891.98,4.27137
2026-02-22 03:25:00+00:00,67891.99,67894.18,67888.51,67894.17,2.73727
2026-02-22 03:26:00+00:00,67894.18,67905.92,67894.17,67902.02,0.80575
2026-02-22 03:27:00+00:00,67902.03,67966.92,67902.02,67965.47,12.67498
2026-02-22 03:28:00+00:00,67965.47,67980.4,67953.39,67980.4,2.39221
2026-02-22 03:29:00+00:00,67980.4,67980.4,67968.68,67968.68,1.79771
2026-02-22 03:30:00+00:00,67968.68,67973.04,67944.26,67946.0,9.4304
2026-02-22 03:31:00+00:00,67946.0,67946.01,67912.03,67923.73,2.49869
2026-02-22 03:32:00+00:00,67923.73,67923.73,67898.36,67913.41,5.73366
2026-02-22 03:33:00+00:00,67913.41,67919.59,67913.41,67919.58,0.95848
2026-02-22 03:34:00+00:00,67919.59,67967.82,67919.58,67956.0,4.0125
2026-02-22 03:35:00+00:00,67955.99,67956.0,67951.98,67951.98,0.69153
2026-02-22 03:36:00+00:00,67951.99,67967.93,67949.85,67967.01,4.78179
2026-02-22 03:37:00+00:00,67967.01,67968.93,67964.07,67968.92,2.86009
2026-02-22 03:38:00+00:00,67968.92,67968.93,67959.28,67959.28,1.18813
2026-02-22 03:39:00+00:00,67959.28,67959.29,67940.0,67957.53,3.26218
2026-02-22 03:40:00+00:00,67957.54,67965.46,67938.71,67938.72,2.27682
2026-02-22 03:41:00+00:00,67938.71,67949.2,67910.4,67941.99,3.17998
2026-02-22 03:42:00+00:00,67942.0,67967.76,67942.0,67967.76,1.95755
2026-02-22 03:43:00+00:00,67967.75,67967.9,67959.41,67959.42,3.16885
2026-02-22 03:44:00+00:00,67959.41,67992.91,67957.29,67992.9,7.29215
2026-02-22 03:45:00+00:00,67992.9,67999.0,67979.02,67999.0,1.6211
2026-02-22 03:46:00+00:00,67999.0,67999.0,67990.5,67995.28,1.25482
2026-02-22 03:47:00+00:00,67995.27,67995.28,67970.06,67974.83,1.75687
2026-02-22 03:48:00+00:00,67974.83,68010.23,67936.59,68009.51,10.92186
2026-02-22 03:49:00+00:00,68009.52,68062.03,68009.52,68058.1,5.41004
2026-02-22 03:50:00+00:00,68058.11,68058.11,68046.0,68051.99,1.21629
2026-02-22 03:51:00+00:00,68051.99,68051.99,68035.26,68043.49,1.73894
2026-02-22 03:52:00+00:00,68043.48,68043.49,68043.48,68043.48,0.63736
2026-02-22 03:53:00+00:00,68043.49,68043.49,68043.47,68043.47,1.52477
2026-02-22 03:54:00+00:00,68043.48,68043.48,68000.0,68000.0,3.10437
2026-02-22 03:55:00+00:00,68000.0,68012.75,68000.0,68002.31,2.0051
2026-02-22 03:56:00+00:00,68002.32,68022.5,68002.31,68018.52,2.10469
2026-02-22 03:57:00+00:00,68018.53,68030.51,68013.4,68030.51,1.95562
2026-02-22 03:58:00+00:00,68030.52,68035.44,68030.51,68035.43,0.32955
2026-02-22 03:59:00+00:00,68035.43,68041.43,68035.43,68041.43,0.62422
2026-02-22 04:00:00+00:00,68041.42,68041.43,68040.9,68040.9,0.88978
2026-02-22 04:01:00+00:00,68040.9,68040.92,68040.9,68040.91,1.21265
2026-02-22 04:02:00+00:00,68040.92,68064.73,68040.92,68064.73,11.75903
2026-02-22 04:03:00+00:00,68064.73,68072.03,68064.72,68072.02,3.0558
2026-02-22 04:04:00+00:00,68072.03,68072.03,68072.02,68072.02,0.70386
2026-02-22 04:05:00+00:00,68072.02,68072.03,68062.0,68072.03,2.58088
2026-02-22 04:06:00+00:00,68072.03,68086.0,68072.02,68076.46,1.79593
2026-02-22 04:07:00+00:00,68076.45,68076.46,68055.67,68055.67,3.29869
2026-02-22 04:08:00+00:00,68055.68,68055.88,68055.67,68055.87,2.35926
2026-02-22 04:09:00+00:00,68055.88,68078.5,68030.52,68031.96,7.5975
2026-02-22 04:10:00+00:00,68031.96,68031.97,68031.96,68031.97,0.62132
2026-02-22 04:11:00+00:00,68031.96,68047.54,68031.96,68047.54,2.34499
2026-02-22 04:12:00+00:00,68047.54,68047.54,68047.53,68047.53,0.8926
2026-02-22 04:13:00+00:00,68047.53,68062.0,68047.53,68062.0,1.07036
2026-02-22 04:14:00+00:00,68062.0,68071.57,68061.99,68069.63,2.48739
2026-02-22 04:15:00+00:00,68069.63,68069.63,68047.74,68047.74,3.51607
2026-02-22 04:16:00+00:00,68047.74,68047.74,68022.15,68022.16,1.76404
2026-02-22 04:17:00+00:00,68022.16,68047.46,68022.15,68045.29,3.89533
2026-02-22 04:18:00+00:00,68045.29,68047.0,68041.32,68046.99,1.04953
2026-02-22 04:19:00+00:00,68046.99,68047.0,68039.99,68040.0,1.66316
2026-02-22 04:20:00+00:00,68040.0,68040.0,68039.99,68040.0,2.04562
2026-02-22 04:21:00+00:00,68040.0,68040.0,68013.47,68027.92,1.39718
2026-02-22 04:22:00+00:00,68027.92,68027.93,68027.92,68027.93,0.84938
2026-02-22 04:23:00+00:00,68027.93,68027.93,68027.92,68027.93,0.47556
2026-02-22 04:24:00+00:00,68027.92,68027.93,68007.43,68023.74,2.6871
2026-02-22 04:25:00+00:00,68023.74,68023.75,67973.41,67984.83,3.77629
2026-02-22 04:26:00+00:00,67984.83,67997.83,67982.64,67997.08,1.44432
2026-02-22 04:27:00+00:00,67997.08,68020.81,67997.08,68013.41,3.01686
2026-02-22 04:28:00+00:00,68013.41,68017.98,68006.22,68009.16,1.9544
2026-02-22 04:29:00+00:00,68009.17,68020.76,68009.16,68013.4,1.40639
2026-02-22 04:30:00+00:00,68013.41,68021.02,68013.4,68020.88,1.41698
2026-02-22 04:31:00+00:00,68020.88,68020.88,68020.87,68020.88,0.72138
2026-02-22 04:32:00+00:00,68020.88,68020.88,68020.87,68020.88,0.42855
2026-02-22 04:33:00+00:00,68020.88,68039.99,68020.87,68039.98,0.59161
2026-02-22 04:34:00+00:00,68039.99,68039.99,68003.27,68008.82,7.23179
2026-02-22 04:35:00+00:00,68008.82,68026.76,68008.82,68026.76,0.75683
2026-02-22 04:36:00+00:00,68026.75,68034.0,68026.75,68034.0,2.52993
2026-02-22 04:37:00+00:00,68033.99,68047.0,68032.39,68045.63,3.45688
2026-02-22 04:38:00+00:00,68045.09,68045.09,68027.49,68027.5,1.457
2026-02-22 04:39:00+00:00,68027.49,68027.5,67993.67,67993.67,5.04347
2026-02-22 04:40:00+00:00,67993.68,67995.74,67984.28,67984.28,6.76186
2026-02-22 04:41:00+00:00,67984.29,67984.29,67966.52,67973.64,5.20635
2026-02-22 04:42:00+00:00,67973.64,67973.65,67969.87,67969.87,5.3837
2026-02-22 04:43:00+00:00,67969.88,67987.15,67969.87,67987.14,4.66243
2026-02-22 04:44:00+00:00,67987.15,67987.15,67987.14,67987.14,5.21586
2026-02-22 04:45:00+00:00,67987.15,68000.46,67987.14,68000.45,8.16213
2026-02-22 04:46:00+00:00,68000.46,68000.46,67999.06,67999.06,5.53293
2026-02-22 04:47:00+00:00,67999.06,67999.07,67973.38,67986.73,8.24732
2026-02-22 04:48:00+00:00,67986.74,67988.37,67984.6,67988.36,5.1457
2026-02-22 04:49:00+00:00,67988.37,67988.37,67981.8,67981.8,5.29971
2026-02-22 04:50:00+00:00,67981.81,67986.0,67981.8,67985.99,6.13966
2026-02-22 04:51:00+00:00,67986.0,67992.23,67986.0,67992.22,5.79721
2026-02-22 04:52:00+00:00,67992.23,67992.23,67992.21,67992.21,5.97435
2026-02-22 04:53:00+00:00,67992.22,68004.94,67992.21,67998.83,5.90972
2026-02-22 04:54:00+00:00,67998.83,68004.33,67998.83,68004.32,5.2974
2026-02-22 04:55:00+00:00,68004.33,68005.01,68004.32,68005.0,4.85043
2026-02-22 04:56:00+00:00,68005.01,68006.51,68005.0,68006.51,3.77639
2026-02-22 04:57:00+00:00,68006.5,68006.51,67982.11,67982.12,3.42429
2026-02-22 04:58:00+00:00,67982.12,67982.12,67982.11,67982.12,0.47614
2026-02-22 04:59:00+00:00,67982.12,67983.5,67982.11,67983.5,1.05342
2026-02-22 05:00:00+00:00,67983.5,67997.46,67983.5,67997.46,1.89858
2026-02-22 05:01:00+00:00,67997.46,68011.75,67997.45,68011.75,2.1691
2026-02-22 05:02:00+00:00,68011.75,68011.75,67991.63,68001.52,2.62138
2026-02-22 05:03:00+00:00,68001.53,68001.53,68001.52,68001.52,0.36091
2026-02-22 05:04:00+00:00,68001.53,68001.53,67974.52,67974.52,2.39141
2026-02-22 05:05:00+00:00,67974.53,67992.06,67974.53,67992.05,0.47421
2026-02-22 05:06:00+00:00,67992.06,67999.93,67992.05,67999.93,0.56705
2026-02-22 05:07:00+00:00,67999.93,67999.93,67999.92,67999.92,0.74476
2026-02-22 05:08:00+00:00,67999.92,67999.93,67999.92,67999.93,1.34423
2026-02-22 05:09:00+00:00,67999.93,67999.93,67956.93,67956.93,5.9248
2026-02-22 05:10:00+00:00,67956.93,67964.0,67956.93,67961.99,2.37762
2026-02-22 05:11:00+00:00,67961.99,67962.0,67881.81,67881.9,23.36102
2026-02-22 05:12:00+00:00,67881.9,67897.06,67881.9,67887.13,11.47336
2026-02-22 05:13:00+00:00,67887.12,67888.14,67886.59,67888.13,3.77926
2026-02-22 05:14:00+00:00,67888.14,67913.79,67886.97,67913.79,11.08764
2026-02-22 05:15:00+00:00,67913.79,67913.79,67908.63,67913.78,1.42171
2026-02-22 05:16:00+00:00,67913.78,67913.79,67913.78,67913.79,1.37329
2026-02-22 05:17:00+00:00,67913.79,67921.8,67913.78,67918.55,2.82973
2026-02-22 05:18:00+00:00,67918.55,67918.56,67918.55,67918.56,0.78214
2026-02-22 05:19:00+00:00,67918.56,67923.45,67900.91,67900.91,1.30445
2026-02-22 05:20:00+00:00,67900.91,67923.45,67900.91,67923.45,5.04875
2026-02-22 05:21:00+00:00,67923.45,67923.45,67923.44,67923.44,0.56639
2026-02-22 05:22:00+00:00,67923.45,67950.01,67923.45,67950.0,2.60215
2026-02-22 05:23:00+00:00,67950.0,67950.01,67943.4,67945.77,0.61923
2026-02-22 05:24:00+00:00,67945.77,67945.77,67945.76,67945.77,0.26394
2026-02-22 05:25:00+00:00,67945.77,67964.22,67945.77,67964.21,2.17479
2026-02-22 05:26:00+00:00,67964.21,67964.22,67946.56,67952.99,1.94639
2026-02-22 05:27:00+00:00,67952.99,67953.0,67952.99,67953.0,0.65391
2026-02-22 05:28:00+00:00,67953.0,67953.0,67947.88,67947.89,2.42359
2026-02-22 05:29:00+00:00,67947.88,67947.89,67947.88,67947.88,0.42146
2026-02-22 05:30:00+00:00,67947.89,67947.89,67947.88,67947.88,0.45584
2026-02-22 05:31:00+00:00,67947.89,67947.89,67947.88,67947.88,0.43427
2026-02-22 05:32:00+00:00,67947.89,67947.89,67944.74,67944.75,1.54628
2026-02-22 05:33:00+00:00,67944.75,67944.75,67925.65,67925.65,4.94191
2026-02-22 05:34:00+00:00,67925.66,67925.67,67925.65,67925.67,1.15976
2026-02-22 05:35:00+00:00,67925.67,67931.0,67925.66,67930.99,0.61282
2026-02-22 05:36:00+00:00,67931.0,67931.0,67930.99,67930.99,1.48529
2026-02-22 05:37:00+00:00,67931.0,67945.18,67930.99,67944.73,1.01616
2026-02-22 05:38:00+00:00,67944.74,67944.74,67944.73,67944.73,0.59837
2026-02-22 05:39:00+00:00,67944.74,67944.74,67944.73,67944.74,0.34168
2026-02-22 05:40:00+00:00,67944.74,67944.74,67944.73,67944.74,0.20417
2026-02-22 05:41:00+00:00,67944.74,67944.74,67944.73,67944.73,0.3588
2026-02-22 05:42:00+00:00,67944.73,67944.74,67940.1,67940.11,2.14956
2026-02-22 05:43:00+00:00,67940.11,67940.11,67940.1,67940.11,0.26472
2026-02-22 05:44:00+00:00,67940.1,67940.11,67940.1,67940.1,0.19527
2026-02-22 05:45:00+00:00,67940.11,67940.11,67940.1,67940.1,1.08436
2026-02-22 05:46:00+00:00,67940.1,67940.11,67940.05,67940.05,1.13546
2026-02-22 05:47:00+00:00,67940.06,67940.06,67904.15,67904.16,2.33861
2026-02-22 05:48:00+00:00,67904.16,67904.16,67891.96,67891.97,2.28287
2026-02-22 05:49:00+00:00,67891.96,67908.32,67891.96,67901.8,15.8255
2026-02-22 05:50:00+00:00,67901.79,67901.8,67885.45,67896.97,3.75804
2026-02-22 05:51:00+00:00,67896.98,67901.8,67896.97,67901.8,3.94763
2026-02-22 05:52:00+00:00,67901.79,67921.31,67901.79,67921.31,3.67453
2026-02-22 05:53:00+00:00,67921.31,67926.0,67920.34,67920.34,0.43418
2026-02-22 05:54:00+00:00,67920.35,67920.35,67920.34,67920.34,0.51054
2026-02-22 05:55:00+00:00,67920.34,67920.34,67911.52,67911.52,1.57668
2026-02-22 05:56:00+00:00,67911.53,67925.55,67911.52,67925.55,2.50085
2026-02-22 05:57:00+00:00,67925.54,67939.62,67925.54,67939.62,1.48092
2026-02-22 05:58:00+00:00,67939.62,67972.05,67939.61,67972.04,2.42907
2026-02-22 05:59:00+00:00,67972.04,67977.52,67972.04,67977.52,1.01285
2026-02-22 06:00:00+00:00,67977.52,67977.52,67972.89,67972.89,1.99032
2026-02-22 06:01:00+00:00,67972.9,68017.95,67972.89,68017.94,9.10551
2026-02-22 06:02:00+00:00,68017.94,68017.95,68014.77,68014.78,2.3031
2026-02-22 06:03:00+00:00,68014.77,68025.17,68014.77,68025.16,1.48626
2026-02-22 06:04:00+00:00,68025.16,68034.78,68024.04,68034.77,0.60912
2026-02-22 06:05:00+00:00,68034.77,68041.5,68034.77,68038.0,2.65384
2026-02-22 06:06:00+00:00,68038.0,68038.0,68024.04,68030.01,1.06811
2026-02-22 06:07:00+00:00,68030.0,68052.0,68030.0,68043.91,23.19953
2026-02-22 06:08:00+00:00,68043.9,68043.91,68034.47,68034.47,3.72794
2026-02-22 06:09:00+00:00,68034.48,68039.25,68034.47,68039.25,0.66651
2026-02-22 06:10:00+00:00,68039.25,68039.25,68022.0,68029.67,3.44529
2026-02-22 06:11:00+00:00,68029.68,68029.68,68015.62,68015.63,1.44962
2026-02-22 06:12:00+00:00,68015.62,68031.14,68013.7,68031.13,1.0645
2026-02-22 06:13:00+00:00,68031.14,68031.14,68031.13,68031.14,0.48356
2026-02-22 06:14:00+00:00,68031.13,68046.28,68031.13,68046.27,1.71406
2026-02-22 06:15:00+00:00,68046.27,68046.28,68033.17,68034.09,1.57362
2026-02-22 06:16:00+00:00,68034.09,68044.04,68034.09,68044.03,1.2903
2026-02-22 06:17:00+00:00,68044.03,68049.66,68044.03,68049.65,0.34902
2026-02-22 06:18:00+00:00,68049.66,68049.66,68049.65,68049.66,0.33263
2026-02-22 06:19:00+00:00,68049.66,68056.0,68049.65,68056.0,0.85938
2026-02-22 06:20:00+00:00,68055.99,68056.0,68026.93,68026.94,3.80694
2026-02-22 06:21:00+00:00,68026.93,68026.94,68020.28,68025.1,1.27959
2026-02-22 06:22:00+00:00,68025.1,68025.11,68025.1,68025.1,0.47541
2026-02-22 06:23:00+00:00,68025.1,68049.28,68025.1,68038.14,4.72511
2026-02-22 06:24:00+00:00,68038.14,68042.88,68038.13,68042.87,0.29112
2026-02-22 06:25:00+00:00,68042.88,68056.0,68042.27,68042.28,1.52885
2026-02-22 06:26:00+00:00,68042.27,68042.28,68042.27,68042.28,3.28261
2026-02-22 06:27:00+00:00,68042.28,68178.79,68042.27,68143.95,89.36386
2026-02-22 06:28:00+00:00,68143.95,68143.95,68130.01,68130.01,4.9093
2026-02-22 06:29:00+00:00,68130.02,68130.02,68116.5,68116.5,3.14431
2026-02-22 06:30:00+00:00,68116.5,68116.51,68112.57,68112.58,1.27269
2026-02-22 06:31:00+00:00,68112.58,68112.58,68097.39,68111.87,5.95185
2026-02-22 06:32:00+00:00,68111.87,68122.64,68111.87,68122.64,2.11425
2026-02-22 06:33:00+00:00,68122.64,68154.19,68117.29,68154.18,8.84504
2026-02-22 06:34:00+00:00,68154.19,68174.41,68153.9,68153.9,4.18579
2026-02-22 06:35:00+00:00,68153.9,68153.9,68097.42,68097.43,5.739
2026-02-22 06:36:00+00:00,68097.42,68097.43,68081.88,68084.67,2.51009
2026-02-22 06:37:00+00:00,68084.66,68091.28,68080.33,68083.43,4.48025
2026-02-22 06:38:00+00:00,68083.43,68083.43,68067.44,68067.45,5.24555
2026-02-22 06:39:00+00:00,68067.44,68067.45,68056.36,68056.37,2.1406
2026-02-22 06:40:00+00:00,68056.37,68063.52,68056.36,68063.51,2.7374
2026-02-22 06:41:00+00:00,68063.52,68063.52,68063.51,68063.51,2.47783
2026-02-22 06:42:00+00:00,68063.51,68070.33,68063.51,68070.33,2.60767
2026-02-22 06:43:00+00:00,68070.33,68073.06,68064.37,68064.38,3.84933
2026-02-22 06:44:00+00:00,68064.38,68064.38,68056.24,68058.61,7.65876
2026-02-22 06:45:00+00:00,68058.62,68087.31,68058.61,68080.54,4.35324
2026-02-22 06:46:00+00:00,68080.54,68080.54,68080.53,68080.54,2.0515
2026-02-22 06:47:00+00:00,68080.53,68080.53,68065.99,68065.99,3.79924
2026-02-22 06:48:00+00:00,68066.0,68080.53,68064.72,68080.53,10.03945
2026-02-22 06:49:00+00:00,68080.53,68080.53,68066.24,68072.63,6.11565
2026-02-22 06:50:00+00:00,68072.62,68080.0,68061.2,68061.21,6.71222
2026-02-22 06:51:00+00:00,68061.21,68061.21,68057.59,68057.59,3.46199
2026-02-22 06:52:00+00:00,68057.59,68065.59,68057.59,68065.59,3.02978
2026-02-22 06:53:00+00:00,68065.58,68065.59,68058.0,68058.01,2.53736
2026-02-22 06:54:00+00:00,68058.01,68062.34,68055.64,68055.65,4.43502
2026-02-22 06:55:00+00:00,68055.64,68055.65,68047.21,68047.21,3.17732
2026-02-22 06:56:00+00:00,68047.21,68059.4,68046.26,68059.4,3.01626
2026-02-22 06:57:00+00:00,68059.39,68059.4,68042.89,68053.72,4.93511
2026-02-22 06:58:00+00:00,68053.71,68053.72,68042.32,68042.33,8.65883
2026-02-22 06:59:00+00:00,68042.32,68042.33,68038.13,68038.13,2.77403
2026-02-22 07:00:00+00:00,68038.14,68038.14,67990.5,67990.5,10.62937
2026-02-22 07:01:00+00:00,67990.51,68031.1,67990.5,68031.1,4.9944
2026-02-22 07:02:00+00:00,68031.09,68034.3,68031.09,68034.29,3.24664
2026-02-22 07:03:00+00:00,68034.29,68034.3,68020.94,68020.94,3.98436
2026-02-22 07:04:00+00:00,68020.95,68034.31,68020.94,68034.31,2.26006
2026-02-22 07:05:00+00:00,68034.31,68034.31,68004.36,68004.36,16.38576
2026-02-22 07:06:00+00:00,68004.36,68020.07,68004.36,68009.15,14.36712
2026-02-22 07:07:00+00:00,68009.16,68030.0,68009.09,68029.99,4.37452
2026-02-22 07:08:00+00:00,68030.0,68030.0,68014.9,68014.9,4.61566
2026-02-22 07:09:00+00:00,68014.91,68022.65,68005.98,68017.76,6.93218
2026-02-22 07:10:00+00:00,68017.76,68034.25,68017.75,68034.25,2.98474
2026-02-22 07:11:00+00:00,68034.25,68034.25,68028.61,68028.62,3.407
2026-02-22 07:12:00+00:00,68028.61,68028.62,68018.72,68028.38,2.91386
2026-02-22 07:13:00+00:00,68028.38,68028.39,68015.86,68015.87,4.89168
2026-02-22 07:14:00+00:00,68015.87,68036.27,68015.86,68036.27,4.03719
2026-02-22 07:15:00+00:00,68036.27,68036.27,68034.03,68034.03,3.80475
2026-02-22 07:16:00+00:00,68034.03,68034.04,68034.03,68034.03,2.48728
2026-02-22 07:17:00+00:00,68034.04,68034.04,68026.75,68026.76,5.04252
2026-02-22 07:18:00+00:00,68026.75,68026.76,68000.0,68024.95,5.59281
2026-02-22 07:19:00+00:00,68024.96,68024.96,68003.87,68003.87,4.55528
2026-02-22 07:20:00+00:00,68003.87,68011.7,68003.87,68011.16,2.90418
2026-02-22 07:21:00+00:00,68011.15,68021.23,68008.4,68021.23,2.98709
2026-02-22 07:22:00+00:00,68021.23,68021.23,68019.47,68019.47,2.4244
2026-02-22 07:23:00+00:00,68019.48,68019.48,68006.39,68006.4,2.36947
2026-02-22 07:24:00+00:00,68006.4,68012.4,68006.39,68012.4,2.34154
2026-02-22 07:25:00+00:00,68012.4,68012.4,68007.98,68007.98,2.06366
2026-02-22 07:26:00+00:00,68007.99,68012.39,68007.98,68012.39,3.51445
2026-02-22 07:27:00+00:00,68012.38,68012.39,68006.96,68006.96,1.77184
2026-02-22 07:28:00+00:00,68006.97,68033.76,68006.96,68033.76,5.42453
2026-02-22 07:29:00+00:00,68033.75,68038.94,68023.58,68023.58,3.79873
2026-02-22 07:30:00+00:00,68023.59,68023.59,68015.96,68023.58,2.51953
2026-02-22 07:31:00+00:00,68023.59,68038.93,68023.58,68038.93,3.19696
2026-02-22 07:32:00+00:00,68038.93,68053.0,68038.92,68053.0,4.28346
2026-02-22 07:33:00+00:00,68052.99,68053.0,68048.13,68048.14,4.32823
2026-02-22 07:34:00+00:00,68048.13,68048.13,68042.28,68042.28,3.82687
2026-02-22 07:35:00+00:00,68042.29,68042.29,68042.28,68042.29,4.11848
2026-02-22 07:36:00+00:00,68042.29,68042.29,68041.0,68041.0,2.67953
2026-02-22 07:37:00+00:00,68041.01,68041.01,68041.0,68041.0,2.71963
2026-02-22 07:38:00+00:00,68041.0,68041.01,68041.0,68041.0,2.39297
2026-02-22 07:39:00+00:00,68041.01,68041.01,68041.0,68041.0,2.08884
2026-02-22 07:40:00+00:00,68041.0,68048.14,68041.0,68048.14,2.904
2026-02-22 07:41:00+00:00,68048.13,68068.78,68048.13,68068.77,3.84674
2026-02-22 07:42:00+00:00,68068.77,68095.57,68068.77,68095.57,5.47827
2026-02-22 07:43:00+00:00,68095.57,68095.57,68077.75,68079.5,6.41351
2026-02-22 07:44:00+00:00,68079.5,68085.96,68077.72,68085.95,2.29188
2026-02-22 07:45:00+00:00,68085.96,68085.96,68085.94,68085.95,2.41233
2026-02-22 07:46:00+00:00,68085.95,68085.95,68074.35,68074.35,3.44523
2026-02-22 07:47:00+00:00,68074.35,68074.36,68059.97,68059.97,4.50937
2026-02-22 07:48:00+00:00,68059.98,68063.98,68059.97,68063.98,4.91214
2026-02-22 07:49:00+00:00,68063.97,68063.98,68063.97,68063.97,2.29674
2026-02-22 07:50:00+00:00,68063.97,68063.98,68048.65,68051.44,4.82462
2026-02-22 07:51:00+00:00,68051.44,68051.44,68043.23,68043.23,2.72704
2026-02-22 07:52:00+00:00,68043.23,68074.36,68043.23,68066.75,9.56416
2026-02-22 07:53:00+00:00,68066.75,68068.73,68008.87,68008.87,12.82927
2026-02-22 07:54:00+00:00,68008.88,68008.88,68008.87,68008.88,2.76861
2026-02-22 07:55:00+00:00,68008.88,68028.0,68008.87,68015.37,4.9062
2026-02-22 07:56:00+00:00,68015.36,68020.22,68001.0,68001.0,4.24769
2026-02-22 07:57:00+00:00,68001.0,68001.01,68001.0,68001.0,3.78873
2026-02-22 07:58:00+00:00,68001.01,68012.28,68001.0,68011.04,5.85383
2026-02-22 07:59:00+00:00,68011.04,68011.04,68005.29,68005.3,3.09072
2026-02-22 08:00:00+00:00,68005.3,68005.3,67989.5,67989.51,3.97865
2026-02-22 08:01:00+00:00,67989.51,67989.51,67980.0,67980.3,1.99072
2026-02-22 08:02:00+00:00,67980.3,68000.0,67980.3,68000.0,1.64142
2026-02-22 08:03:00+00:00,67999.99,68000.0,67999.99,67999.99,2.61092
2026-02-22 08:04:00+00:00,68000.0,68000.0,67994.38,67994.45,2.28542
2026-02-22 08:05:00+00:00,67994.45,67994.45,67994.44,67994.45,0.44565
2026-02-22 08:06:00+00:00,67994.45,68007.59,67987.23,67987.23,2.69045
2026-02-22 08:07:00+00:00,67987.24,67987.24,67983.33,67983.33,0.40867
2026-02-22 08:08:00+00:00,67983.34,67983.34,67983.33,67983.33,0.48435
2026-02-22 08:09:00+00:00,67983.33,67997.63,67983.33,67997.63,0.95997
2026-02-22 08:10:00+00:00,67997.62,68019.46,67997.62,68019.46,2.11472
2026-02-22 08:11:00+00:00,68019.46,68019.46,67998.62,67998.62,1.11343
2026-02-22 08:12:00+00:00,67998.62,67998.62,67998.61,67998.61,0.58895
2026-02-22 08:13:00+00:00,67998.62,67998.62,67998.61,67998.62,1.43256
2026-02-22 08:14:00+00:00,67998.61,68001.26,67986.78,67986.78,3.88496
2026-02-22 08:15:00+00:00,67986.78,67996.63,67986.78,67996.63,0.73592
2026-02-22 08:16:00+00:00,67996.63,68002.89,67996.63,68002.89,0.47316
2026-02-22 08:17:00+00:00,68002.88,68002.89,68002.88,68002.88,3.77851
2026-02-22 08:18:00+00:00,68002.88,68002.89,68002.6,68002.6,6.39589
2026-02-22 08:19:00+00:00,68002.6,68006.0,68002.6,68005.99,1.12378
2026-02-22 08:20:00+00:00,68006.0,68006.0,68004.3,68004.31,1.38346
2026-02-22 08:21:00+00:00,68004.3,68004.31,68004.3,68004.31,0.95172
2026-02-22 08:22:00+00:00,68004.3,68004.31,68004.3,68004.31,0.59041
2026-02-22 08:23:00+00:00,68004.3,68004.3,67966.97,67966.98,4.15707
2026-02-22 08:24:00+00:00,67966.98,67966.98,67951.95,67951.96,2.37207
2026-02-22 08:25:00+00:00,67951.96,67962.64,67949.85,67949.86,2.26641
2026-02-22 08:26:00+00:00,67949.86,67960.9,67919.73,67919.74,13.16018
2026-02-22 08:27:00+00:00,67919.74,67924.73,67912.02,67924.73,3.44884
2026-02-22 08:28:00+00:00,67924.72,67949.92,67924.72,67949.91,2.64021
2026-02-22 08:29:00+00:00,67949.92,67963.26,67940.61,67963.26,6.65759
2026-02-22 08:30:00+00:00,67963.26,67963.26,67929.98,67929.98,4.29624
2026-02-22 08:31:00+00:00,67929.99,67953.05,67929.98,67953.05,2.87861
2026-02-22 08:32:00+00:00,67953.05,67953.05,67941.78,67941.78,2.50819
2026-02-22 08:33:00+00:00,67941.78,67941.78,67926.4,67936.03,7.40962
2026-02-22 08:34:00+00:00,67936.03,67955.37,67936.03,67955.37,4.85158
2026-02-22 08:35:00+00:00,67955.37,67964.29,67955.36,67964.29,2.16759
2026-02-22 08:36:00+00:00,67964.28,67993.93,67964.28,67993.92,2.6266
2026-02-22 08:37:00+00:00,67993.93,67993.93,67980.74,67988.58,6.83491
2026-02-22 08:38:00+00:00,67988.58,67988.58,67987.77,67987.77,3.65151
2026-02-22 08:39:00+00:00,67987.78,67987.78,67987.77,67987.77,2.12566
2026-02-22 08:40:00+00:00,67987.77,67987.78,67968.74,67968.74,6.23549
2026-02-22 08:41:00+00:00,67968.75,67978.13,67955.03,67957.89,5.86134
2026-02-22 08:42:00+00:00,67957.88,67969.76,67957.88,67959.12,2.35638
2026-02-22 08:43:00+00:00,67959.13,67967.5,67959.12,67964.02,2.46598
2026-02-22 08:44:00+00:00,67964.02,67964.02,67959.12,67959.13,2.87585
2026-02-22 08:45:00+00:00,67959.12,67959.13,67959.12,67959.13,2.56658
2026-02-22 08:46:00+00:00,67959.13,67968.02,67959.12,67966.06,2.97802
2026-02-22 08:47:00+00:00,67966.06,67966.06,67955.77,67955.78,1.81734
2026-02-22 08:48:00+00:00,67955.77,67955.78,67955.77,67955.77,0.43089
2026-02-22 08:49:00+00:00,67955.78,67955.78,67955.02,67955.02,1.45097
2026-02-22 08:50:00+00:00,67955.02,67955.02,67948.1,67948.1,2.22839
2026-02-22 08:51:00+00:00,67948.11,67955.78,67948.1,67949.86,3.22263
2026-02-22 08:52:00+00:00,67949.85,67949.86,67947.89,67947.91,6.16529
2026-02-22 08:53:00+00:00,67947.91,67947.91,67947.89,67947.89,2.55254
2026-02-22 08:54:00+00:00,67947.89,67956.68,67947.26,67956.67,3.20716
2026-02-22 08:55:00+00:00,67956.67,67988.58,67956.67,67966.68,4.89329
2026-02-22 08:56:00+00:00,67966.67,67967.7,67966.67,67967.69,2.74993
2026-02-22 08:57:00+00:00,67967.69,67967.71,67967.69,67967.7,3.68985
2026-02-22 08:58:00+00:00,67967.71,67982.22,67967.71,67979.01,5.6659
2026-02-22 08:59:00+00:00,67979.01,67979.02,67946.11,67950.1,4.13051
2026-02-22 09:00:00+00:00,67950.11,67967.08,67948.74,67962.71,8.76607
2026-02-22 09:01:00+00:00,67962.72,67981.76,67962.71,67981.76,2.87228
2026-02-22 09:02:00+00:00,67981.75,67988.56,67967.49,67982.31,8.28031
2026-02-22 09:03:00+00:00,67982.31,67982.32,67978.37,67978.38,2.27904
2026-02-22 09:04:00+00:00,67978.37,68005.58,67978.37,68005.57,6.90199
2026-02-22 09:05:00+00:00,68005.58,68005.58,68000.45,68000.45,2.69714
2026-02-22 09:06:00+00:00,68000.46,68000.46,67990.5,67990.51,4.1258
2026-02-22 09:07:00+00:00,67990.5,67990.51,67990.5,67990.5,1.94947
2026-02-22 09:08:00+00:00,67990.5,67990.51,67990.5,67990.5,3.71936
2026-02-22 09:09:00+00:00,67990.51,68027.31,67990.5,68027.3,4.09334
2026-02-22 09:10:00+00:00,68027.31,68027.31,68021.19,68021.19,2.27757
2026-02-22 09:11:00+00:00,68021.2,68021.2,68019.32,68019.32,1.42507
2026-02-22 09:12:00+00:00,68019.33,68019.33,68019.32,68019.32,1.17172
2026-02-22 09:13:00+00:00,68019.32,68019.33,68019.32,68019.32,2.18075
2026-02-22 09:14:00+00:00,68019.32,68043.04,68015.99,68043.03,3.10524
2026-02-22 09:15:00+00:00,68043.03,68043.04,68043.03,68043.03,1.63864
2026-02-22 09:16:00+00:00,68043.04,68052.58,68037.31,68052.57,2.2812
2026-02-22 09:17:00+00:00,68052.58,68052.58,68043.36,68043.37,2.00652
2026-02-22 09:18:00+00:00,68043.36,68043.37,68043.36,68043.37,0.56492
2026-02-22 09:19:00+00:00,68043.36,68054.82,68043.36,68046.53,2.32673
2026-02-22 09:20:00+00:00,68046.53,68046.53,68019.32,68036.3,5.34914
2026-02-22 09:21:00+00:00,68036.3,68036.31,68021.56,68021.56,1.13015
2026-02-22 09:22:00+00:00,68021.57,68026.06,68014.41,68014.41,3.70274
2026-02-22 09:23:00+00:00,68014.4,68020.01,68014.4,68020.01,2.14364
2026-02-22 09:24:00+00:00,68020.01,68021.0,68014.22,68016.0,2.58613
2026-02-22 09:25:00+00:00,68016.0,68020.01,68016.0,68020.0,1.31853
2026-02-22 09:26:00+00:00,68020.0,68026.05,68020.0,68026.04,0.8784
2026-02-22 09:27:00+00:00,68026.05,68043.06,68026.04,68043.06,1.08171
2026-02-22 09:28:00+00:00,68043.05,68043.08,68026.04,68026.04,3.9954
2026-02-22 09:29:00+00:00,68026.03,68026.03,68016.62,68024.11,2.73887
2026-02-22 09:30:00+00:00,68024.11,68031.85,68024.11,68026.37,0.77972
2026-02-22 09:31:00+00:00,68026.37,68026.38,68015.72,68015.72,1.14592
2026-02-22 09:32:00+00:00,68015.72,68030.04,68015.72,68030.03,1.22303
2026-02-22 09:33:00+00:00,68030.04,68036.95,68030.03,68030.03,7.29342
2026-02-22 09:34:00+00:00,68030.03,68030.04,68015.71,68015.71,3.47588
2026-02-22 09:35:00+00:00,68015.72,68040.61,68015.71,68040.61,1.01418
2026-02-22 09:36:00+00:00,68040.6,68040.61,68032.12,68036.0,1.6142
2026-02-22 09:37:00+00:00,68035.99,68042.59,68019.75,68019.76,2.35432
2026-02-22 09:38:00+00:00,68019.76,68019.76,67988.85,68005.8,5.34238
2026-02-22 09:39:00+00:00,68005.8,68021.69,68004.37,68021.68,2.09359
2026-02-22 09:40:00+00:00,68021.68,68026.0,68021.68,68026.0,0.77252
2026-02-22 09:41:00+00:00,68025.99,68048.95,68025.99,68048.95,3.34803
2026-02-22 09:42:00+00:00,68048.95,68048.95,68041.02,68041.02,0.618
2026-02-22 09:43:00+00:00,68041.02,68041.03,68041.02,68041.03,0.45804
2026-02-22 09:44:00+00:00,68041.03,68053.14,68041.02,68050.56,3.20692
2026-02-22 09:45:00+00:00,68050.57,68060.16,68050.57,68060.16,1.30616
2026-02-22 09:46:00+00:00,68060.15,68085.95,68060.15,68083.78,7.98784
2026-02-22 09:47:00+00:00,68083.78,68085.95,68083.77,68085.95,0.62739
2026-02-22 09:48:00+00:00,68085.94,68101.46,68085.94,68096.67,4.37337
2026-02-22 09:49:00+00:00,68096.67,68096.68,68087.14,68087.15,2.40436
2026-02-22 09:50:00+00:00,68087.14,68087.15,68060.15,68076.77,11.3346
2026-02-22 09:51:00+00:00,68076.78,68076.78,68065.71,68070.49,1.47556
2026-02-22 09:52:00+00:00,68070.49,68070.49,68063.35,68063.36,1.22497
2026-02-22 09:53:00+00:00,68063.35,68063.36,68063.35,68063.36,0.98493
2026-02-22 09:54:00+00:00,68063.36,68095.25,68063.35,68095.25,5.06571
2026-02-22 09:55:00+00:00,68095.25,68095.25,68080.38,68080.39,0.96968
2026-02-22 09:56:00+00:00,68080.38,68080.39,68072.3,68072.3,5.36064
2026-02-22 09:57:00+00:00,68072.3,68072.3,68069.98,68069.99,1.23907
2026-02-22 09:58:00+00:00,68069.99,68069.99,68069.97,68069.97,1.10059
2026-02-22 09:59:00+00:00,68069.98,68069.98,68053.32,68053.32,3.28214
2026-02-22 10:00:00+00:00,68053.33,68053.33,68030.47,68030.48,6.52396
2026-02-22 10:01:00+00:00,68030.47,68030.48,68012.78,68016.2,3.7199
2026-02-22 10:02:00+00:00,68016.21,68016.96,68013.39,68014.0,1.68426
2026-02-22 10:03:00+00:00,68014.01,68014.01,68014.0,68014.0,2.40024
2026-02-22 10:04:00+00:00,68014.01,68023.65,68014.0,68023.65,4.55781
2026-02-22 10:05:00+00:00,68023.64,68031.22,68023.64,68031.22,1.09144
2026-02-22 10:06:00+00:00,68031.22,68037.89,68031.22,68037.88,0.69797
2026-02-22 10:07:00+00:00,68037.88,68045.42,68037.88,68045.41,0.8124
2026-02-22 10:08:00+00:00,68045.42,68045.42,68045.41,68045.42,0.92247
2026-02-22 10:09:00+00:00,68045.41,68045.42,68045.41,68045.42,2.82602
2026-02-22 10:10:00+00:00,68045.42,68045.42,68045.41,68045.42,0.77755
2026-02-22 10:11:00+00:00,68045.41,68045.42,68045.41,68045.41,1.74963
2026-02-22 10:12:00+00:00,68045.41,68045.42,68045.41,68045.42,0.38234
2026-02-22 10:13:00+00:00,68045.41,68045.42,68045.41,68045.41,0.54766
2026-02-22 10:14:00+00:00,68045.42,68045.42,68045.41,68045.41,0.67309
2026-02-22 10:15:00+00:00,68045.42,68045.42,68045.4,68045.41,3.84655
2026-02-22 10:16:00+00:00,68045.4,68045.41,68030.02,68030.03,2.95291
2026-02-22 10:17:00+00:00,68030.02,68031.68,68030.02,68031.67,1.5165
2026-02-22 10:18:00+00:00,68031.68,68031.68,68031.67,68031.67,5.72077
2026-02-22 10:19:00+00:00,68031.67,68059.43,68031.67,68059.42,2.64242
2026-02-22 10:20:00+00:00,68059.42,68059.44,68055.15,68059.44,3.2853
2026-02-22 10:21:00+00:00,68059.45,68099.99,68059.44,68086.46,9.18363
2026-02-22 10:22:00+00:00,68086.47,68126.4,68086.46,68126.27,9.64752
2026-02-22 10:23:00+00:00,68126.26,68126.27,68100.0,68106.16,5.67454
2026-02-22 10:24:00+00:00,68106.16,68106.16,68106.15,68106.15,1.4086
2026-02-22 10:25:00+00:00,68106.16,68106.16,68096.0,68101.95,2.92061
2026-02-22 10:26:00+00:00,68101.96,68105.47,68101.95,68105.47,4.90186
2026-02-22 10:27:00+00:00,68105.46,68105.47,68071.65,68076.98,9.82719
2026-02-22 10:28:00+00:00,68076.98,68083.56,68076.98,68083.56,0.88088
2026-02-22 10:29:00+00:00,68083.55,68090.44,68083.55,68090.44,0.935
2026-02-22 10:30:00+00:00,68090.43,68090.44,68090.43,68090.44,0.67164
2026-02-22 10:31:00+00:00,68090.43,68097.06,68090.43,68097.06,0.70995
2026-02-22 10:32:00+00:00,68097.05,68097.06,68097.05,68097.05,0.51136
2026-02-22 10:33:00+00:00,68097.06,68138.0,68090.43,68090.43,44.76531
2026-02-22 10:34:00+00:00,68090.44,68090.44,68078.2,68078.21,2.90576
2026-02-22 10:35:00+00:00,68078.21,68078.21,68078.04,68078.19,1.11161
2026-02-22 10:36:00+00:00,68078.2,68082.82,68078.2,68082.81,1.74668
2026-02-22 10:37:00+00:00,68082.82,68085.36,68082.82,68083.33,1.28446
2026-02-22 10:38:00+00:00,68083.33,68104.0,68083.33,68103.99,1.49571
2026-02-22 10:39:00+00:00,68103.99,68104.0,68078.03,68078.04,11.42741
2026-02-22 10:40:00+00:00,68078.04,68097.64,68078.04,68097.64,1.41366
2026-02-22 10:41:00+00:00,68097.64,68101.83,68097.63,68101.83,0.50934
2026-02-22 10:42:00+00:00,68101.83,68101.83,68096.65,68096.66,0.64984
2026-02-22 10:43:00+00:00,68096.66,68100.08,68096.65,68100.08,0.3541
2026-02-22 10:44:00+00:00,68100.07,68100.09,68099.35,68099.36,3.35017
2026-02-22 10:45:00+00:00,68099.37,68099.37,68096.67,68096.68,1.82096
2026-02-22 10:46:00+00:00,68096.67,68108.77,68096.67,68108.76,0.85981
2026-02-22 10:47:00+00:00,68108.76,68108.77,68106.53,68106.54,1.30175
2026-02-22 10:48:00+00:00,68106.53,68106.54,68106.53,68106.53,1.00657
2026-02-22 10:49:00+00:00,68106.54,68106.54,68106.53,68106.53,1.21092
2026-02-22 10:50:00+00:00,68106.54,68116.83,68106.53,68116.83,3.68564
2026-02-22 10:51:00+00:00,68116.83,68116.83,68116.82,68116.82,1.93987
2026-02-22 10:52:00+00:00,68116.83,68126.0,68116.82,68125.99,2.47131
2026-02-22 10:53:00+00:00,68125.99,68153.2,68125.99,68150.0,7.15474
2026-02-22 10:54:00+00:00,68150.0,68150.0,68147.53,68147.54,1.04157
2026-02-22 10:55:00+00:00,68147.54,68147.54,68134.44,68137.2,2.96436
2026-02-22 10:56:00+00:00,68137.21,68137.21,68137.19,68137.19,3.09302
2026-02-22 10:57:00+00:00,68137.19,68137.2,68137.19,68137.2,2.52821
2026-02-22 10:58:00+00:00,68137.19,68144.64,68137.19,68144.64,1.1145
2026-02-22 10:59:00+00:00,68144.64,68144.64,68124.09,68129.56,5.11518
2026-02-22 11:00:00+00:00,68129.57,68147.54,68129.56,68144.63,2.47677
2026-02-22 11:01:00+00:00,68144.63,68156.3,68139.93,68156.3,1.5193
2026-02-22 11:02:00+00:00,68156.3,68193.09,68156.29,68185.51,17.65158
2026-02-22 11:03:00+00:00,68185.51,68201.0,68185.5,68194.14,6.86869
2026-02-22 11:04:00+00:00,68194.14,68200.0,68186.35,68186.36,3.48458
2026-02-22 11:05:00+00:00,68186.35,68219.6,68186.35,68219.59,5.47681
2026-02-22 11:06:00+00:00,68219.59,68219.6,68205.25,68205.25,6.81291
2026-02-22 11:07:00+00:00,68205.26,68237.27,68205.25,68224.52,10.88466
2026-02-22 11:08:00+00:00,68224.53,68243.44,68224.52,68226.27,1.74949
2026-02-22 11:09:00+00:00,68226.27,68226.27,68207.45,68207.46,5.72293
2026-02-22 11:10:00+00:00,68207.46,68207.46,68193.92,68200.73,1.33908
2026-02-22 11:11:00+00:00,68200.73,68216.85,68200.73,68216.81,2.95374
2026-02-22 11:12:00+00:00,68216.81,68216.82,68216.81,68216.82,1.04877
2026-02-22 11:13:00+00:00,68216.81,68216.82,68216.81,68216.81,0.67812
2026-02-22 11:14:00+00:00,68216.81,68222.0,68207.6,68207.6,4.0833
2026-02-22 11:15:00+00:00,68207.61,68217.17,68207.6,68217.16,1.89748
2026-02-22 11:16:00+00:00,68217.16,68245.0,68217.16,68244.99,3.32835
2026-02-22 11:17:00+00:00,68245.0,68245.0,68219.73,68219.74,2.32967
2026-02-22 11:18:00+00:00,68219.74,68219.74,68219.72,68219.72,0.86223
2026-02-22 11:19:00+00:00,68219.73,68219.73,68219.72,68219.72,0.67536
2026-02-22 11:20:00+00:00,68219.73,68228.82,68219.73,68228.81,2.39343
2026-02-22 11:21:00+00:00,68228.82,68228.82,68200.0,68200.0,4.70817
2026-02-22 11:22:00+00:00,68200.01,68210.97,68200.0,68209.99,4.21704
2026-02-22 11:23:00+00:00,68210.0,68219.73,68209.99,68219.73,6.7347
2026-02-22 11:24:00+00:00,68219.73,68219.73,68219.72,68219.72,1.3158
2026-02-22 11:25:00+00:00,68219.73,68231.0,68219.72,68231.0,2.03113
2026-02-22 11:26:00+00:00,68231.0,68231.0,68224.18,68224.19,2.14761
2026-02-22 11:27:00+00:00,68224.18,68224.19,68224.18,68224.19,1.28385
2026-02-22 11:28:00+00:00,68224.19,68231.0,68224.18,68231.0,2.13997
2026-02-22 11:29:00+00:00,68230.99,68231.0,68230.99,68231.0,0.38096
2026-02-22 11:30:00+00:00,68230.99,68231.0,68230.99,68230.99,2.38752
2026-02-22 11:31:00+00:00,68230.99,68231.0,68219.5,68219.51,6.93801
2026-02-22 11:32:00+00:00,68219.5,68219.51,68219.5,68219.51,0.70269
2026-02-22 11:33:00+00:00,68219.5,68219.51,68219.5,68219.51,0.72368
2026-02-22 11:34:00+00:00,68219.5,68238.13,68219.5,68238.13,2.9199
2026-02-22 11:35:00+00:00,68238.12,68238.13,68234.35,68234.35,1.06927
2026-02-22 11:36:00+00:00,68234.35,68234.36,68234.02,68234.03,0.79574
2026-02-22 11:37:00+00:00,68234.02,68234.03,68196.12,68196.12,6.17695
2026-02-22 11:38:00+00:00,68196.13,68196.13,68157.74,68163.31,5.41307
2026-02-22 11:39:00+00:00,68163.32,68171.73,68163.32,68171.72,0.70991
2026-02-22 11:40:00+00:00,68171.72,68186.46,68171.72,68186.46,1.97327
2026-02-22 11:41:00+00:00,68186.46,68186.46,68186.45,68186.46,0.61948
2026-02-22 11:42:00+00:00,68186.46,68186.46,68186.45,68186.45,1.00658
2026-02-22 11:43:00+00:00,68186.46,68186.46,68186.45,68186.45,1.23944
2026-02-22 11:44:00+00:00,68186.46,68186.46,68186.45,68186.45,0.80152
2026-02-22 11:45:00+00:00,68186.46,68186.46,68186.45,68186.46,1.06663
2026-02-22 11:46:00+00:00,68186.46,68186.46,68186.45,68186.45,0.92059
2026-02-22 11:47:00+00:00,68186.46,68186.46,68186.45,68186.46,0.59303
2026-02-22 11:48:00+00:00,68186.46,68189.38,68186.45,68189.38,2.43515
2026-02-22 11:49:00+00:00,68189.38,68189.38,68189.37,68189.37,0.66901
2026-02-22 11:50:00+00:00,68189.37,68189.38,68186.45,68186.45,1.64467
2026-02-22 11:51:00+00:00,68186.46,68200.0,68186.46,68199.99,1.64366
2026-02-22 11:52:00+00:00,68200.0,68200.0,68199.99,68199.99,0.531
2026-02-22 11:53:00+00:00,68200.0,68200.0,68188.71,68188.71,4.32706
2026-02-22 11:54:00+00:00,68188.72,68188.72,68188.71,68188.71,1.65461
2026-02-22 11:55:00+00:00,68188.72,68188.72,68188.71,68188.71,0.91446
2026-02-22 11:56:00+00:00,68188.72,68195.99,68188.71,68195.98,0.8221
2026-02-22 11:57:00+00:00,68195.99,68212.78,68195.98,68212.77,8.3751
2026-02-22 11:58:00+00:00,68212.77,68212.78,68212.77,68212.77,1.62081
2026-02-22 11:59:00+00:00,68212.77,68219.98,68212.77,68219.97,1.59762
2026-02-22 12:00:00+00:00,68219.97,68232.4,68219.97,68232.39,1.7354
2026-02-22 12:01:00+00:00,68232.4,68232.4,68199.72,68199.72,3.17234
2026-02-22 12:02:00+00:00,68199.71,68199.72,68188.56,68188.57,1.86617
2026-02-22 12:03:00+00:00,68188.56,68188.57,68111.01,68141.12,7.95742
2026-02-22 12:04:00+00:00,68141.12,68141.12,68126.02,68138.73,7.85403
2026-02-22 12:05:00+00:00,68138.73,68138.74,68079.38,68079.39,9.07105
2026-02-22 12:06:00+00:00,68079.39,68079.39,68002.69,68032.01,20.00832
2026-02-22 12:07:00+00:00,68032.0,68053.71,68013.4,68053.66,4.405
2026-02-22 12:08:00+00:00,68053.65,68053.66,68021.39,68028.24,3.23087
2026-02-22 12:09:00+00:00,68028.23,68042.0,68028.23,68031.99,13.68301
2026-02-22 12:10:00+00:00,68032.0,68032.0,68025.98,68025.98,4.69479
2026-02-22 12:11:00+00:00,68025.98,68025.98,67980.01,67987.03,26.38941
2026-02-22 12:12:00+00:00,67987.02,68000.0,67977.96,67999.99,17.87151
2026-02-22 12:13:00+00:00,68000.0,68000.0,67999.99,67999.99,0.69087
2026-02-22 12:14:00+00:00,68000.0,68012.17,67982.99,68012.16,8.51322
2026-02-22 12:15:00+00:00,68012.17,68051.69,68012.16,68041.99,5.56795
2026-02-22 12:16:00+00:00,68042.0,68063.6,68041.99,68063.52,3.70088
2026-02-22 12:17:00+00:00,68063.52,68073.59,68063.51,68073.58,1.35975
2026-02-22 12:18:00+00:00,68073.59,68073.59,68042.0,68043.85,2.45016
2026-02-22 12:19:00+00:00,68043.86,68043.86,68036.0,68036.0,3.43904
2026-02-22 12:20:00+00:00,68036.0,68063.05,68027.33,68063.04,4.17678
2026-02-22 12:21:00+00:00,68063.05,68063.05,68027.33,68039.88,2.95953
2026-02-22 12:22:00+00:00,68039.89,68044.35,67980.3,67982.99,4.60255
2026-02-22 12:23:00+00:00,67982.99,68013.84,67982.99,68013.84,1.77123
2026-02-22 12:24:00+00:00,68013.83,68064.83,68013.83,68064.82,3.15214
2026-02-22 12:25:00+00:00,68064.83,68086.0,68045.93,68057.99,5.15379
2026-02-22 12:26:00+00:00,68058.0,68075.66,68050.96,68050.96,1.80839
2026-02-22 12:27:00+00:00,68050.96,68063.76,68050.96,68057.29,5.37147
2026-02-22 12:28:00+00:00,68057.29,68072.31,68057.29,68072.31,2.29034
2026-02-22 12:29:00+00:00,68072.31,68078.8,68072.3,68077.15,1.13373
2026-02-22 12:30:00+00:00,68077.15,68077.16,68047.77,68047.77,2.40645
2026-02-22 12:31:00+00:00,68047.77,68047.78,68047.77,68047.78,1.37282
2026-02-22 12:32:00+00:00,68047.78,68047.78,68034.17,68041.96,4.27158
2026-02-22 12:33:00+00:00,68041.95,68047.27,68040.0,68047.27,1.37467
2026-02-22 12:34:00+00:00,68047.27,68052.43,68034.68,68034.69,2.48542
2026-02-22 12:35:00+00:00,68034.69,68039.29,68033.84,68035.5,4.01116
2026-02-22 12:36:00+00:00,68035.51,68035.51,68020.36,68020.36,2.00636
2026-02-22 12:37:00+00:00,68020.37,68039.29,68020.36,68039.29,1.24087
2026-02-22 12:38:00+00:00,68039.29,68039.29,68000.08,68004.85,4.83724
2026-02-22 12:39:00+00:00,68004.85,68004.85,67910.4,67918.04,19.09745
2026-02-22 12:40:00+00:00,67918.04,67927.59,67906.96,67925.21,23.18632
2026-02-22 12:41:00+00:00,67925.21,67947.72,67922.02,67941.68,25.46296
2026-02-22 12:42:00+00:00,67941.68,67945.8,67935.99,67941.68,11.35844
2026-02-22 12:43:00+00:00,67941.68,67966.51,67941.67,67966.5,7.17004
2026-02-22 12:44:00+00:00,67966.51,67975.62,67892.4,67892.4,12.8038
2026-02-22 12:45:00+00:00,67892.41,67934.51,67892.41,67913.23,5.09572
2026-02-22 12:46:00+00:00,67913.24,67913.24,67871.59,67900.32,11.25072
2026-02-22 12:47:00+00:00,67900.31,67945.68,67900.31,67940.5,4.71689
2026-02-22 12:48:00+00:00,67940.5,67945.68,67919.14,67945.68,8.32567
2026-02-22 12:49:00+00:00,67945.67,67954.48,67938.0,67954.47,1.83387
2026-02-22 12:50:00+00:00,67954.48,67954.48,67940.0,67943.02,1.93657
2026-02-22 12:51:00+00:00,67943.02,67980.0,67943.01,67980.0,2.57772
2026-02-22 12:52:00+00:00,67980.0,67980.0,67978.74,67979.29,5.52523
2026-02-22 12:53:00+00:00,67979.29,67979.3,67968.61,67968.61,3.55545
2026-02-22 12:54:00+00:00,67968.61,67968.62,67946.66,67946.67,5.7216
2026-02-22 12:55:00+00:00,67946.66,67961.55,67946.66,67961.54,1.50749
2026-02-22 12:56:00+00:00,67961.54,67961.55,67961.54,67961.54,0.5628
2026-02-22 12:57:00+00:00,67961.54,67961.55,67935.25,67947.99,6.03811
2026-02-22 12:58:00+00:00,67948.0,67958.0,67947.99,67949.53,3.40589
2026-02-22 12:59:00+00:00,67949.52,67949.54,67928.22,67928.22,7.20771
2026-02-22 13:00:00+00:00,67928.23,67959.37,67928.23,67951.5,5.48926
2026-02-22 13:01:00+00:00,67951.51,67961.99,67951.5,67961.99,1.11369
2026-02-22 13:02:00+00:00,67961.99,67962.0,67950.0,67952.14,1.84171
2026-02-22 13:03:00+00:00,67952.15,68013.5,67952.14,68013.49,15.46585
2026-02-22 13:04:00+00:00,68013.5,68013.5,68013.49,68013.49,0.70586
2026-02-22 13:05:00+00:00,68013.5,68013.5,67980.3,67980.3,5.1232
2026-02-22 13:06:00+00:00,67980.31,67987.66,67950.0,67987.66,2.3537
2026-02-22 13:07:00+00:00,67987.65,68008.12,67982.43,67982.44,3.28435
2026-02-22 13:08:00+00:00,67982.43,67982.44,67941.84,67952.77,8.12712
2026-02-22 13:09:00+00:00,67952.78,67969.27,67952.78,67969.27,1.3752
2026-02-22 13:10:00+00:00,67969.27,67969.27,67958.09,67960.0,3.8815
2026-02-22 13:11:00+00:00,67959.99,67970.0,67955.9,67955.91,3.06186
2026-02-22 13:12:00+00:00,67955.9,67955.91,67955.9,67955.91,0.73588
2026-02-22 13:13:00+00:00,67955.91,67971.91,67955.9,67971.91,1.33659
2026-02-22 13:14:00+00:00,67971.9,67988.57,67971.9,67988.56,0.9518
2026-02-22 13:15:00+00:00,67988.56,68007.09,67988.56,67993.99,5.35264
2026-02-22 13:16:00+00:00,67993.99,67999.31,67993.99,67999.3,1.31505
2026-02-22 13:17:00+00:00,67999.3,68024.61,67999.3,68024.6,1.83535
2026-02-22 13:18:00+00:00,68024.6,68040.8,68024.6,68036.02,1.47996
2026-02-22 13:19:00+00:00,68036.03,68036.03,67999.86,67999.87,5.10695
2026-02-22 13:20:00+00:00,67999.88,67999.88,67981.95,67981.96,5.90968
2026-02-22 13:21:00+00:00,67981.96,67981.96,67955.9,67957.91,3.79829
2026-02-22 13:22:00+00:00,67957.91,67963.77,67957.91,67961.14,1.51189
2026-02-22 13:23:00+00:00,67961.13,67961.14,67936.2,67943.62,6.04248
2026-02-22 13:24:00+00:00,67943.62,67960.98,67943.61,67960.98,2.00097
2026-02-22 13:25:00+00:00,67960.98,67960.98,67949.84,67949.85,2.08577
2026-02-22 13:26:00+00:00,67949.84,67954.0,67949.84,67954.0,0.76419
2026-02-22 13:27:00+00:00,67954.0,67954.0,67952.96,67953.0,5.9817
2026-02-22 13:28:00+00:00,67953.0,67953.0,67942.35,67942.36,5.53305
2026-02-22 13:29:00+00:00,67942.36,67942.36,67923.78,67930.51,3.06872
2026-02-22 13:30:00+00:00,67930.52,67954.0,67930.5,67954.0,5.12281
2026-02-22 13:31:00+00:00,67953.99,67973.85,67910.39,67910.39,6.1344
2026-02-22 13:32:00+00:00,67910.4,67919.91,67872.53,67872.54,6.90992
2026-02-22 13:33:00+00:00,67872.54,67901.76,67819.76,67848.39,28.78086
2026-02-22 13:34:00+00:00,67848.39,67853.65,67822.92,67840.39,24.40959
2026-02-22 13:35:00+00:00,67840.39,67840.39,67660.02,67732.85,135.16487
2026-02-22 13:36:00+00:00,67732.85,67752.72,67636.36,67752.72,49.79764
2026-02-22 13:37:00+00:00,67752.71,67752.71,67710.93,67718.75,16.01539
2026-02-22 13:38:00+00:00,67718.75,67741.16,67669.45,67674.98,13.18493
2026-02-22 13:39:00+00:00,67674.97,67708.69,67635.1,67645.0,10.37069
2026-02-22 13:40:00+00:00,67645.0,67673.59,67608.0,67616.0,21.5905
2026-02-22 13:41:00+00:00,67616.0,67623.81,67581.35,67623.81,16.20369
2026-02-22 13:42:00+00:00,67623.8,67624.13,67571.08,67613.2,16.37499
2026-02-22 13:43:00+00:00,67613.2,67617.76,67597.69,67617.74,10.52226
2026-02-22 13:44:00+00:00,67617.74,67633.62,67600.8,67633.61,12.11725
2026-02-22 13:45:00+00:00,67633.62,67668.05,67603.29,67645.0,10.51508
2026-02-22 13:46:00+00:00,67645.0,67695.33,67632.02,67661.01,12.18538
2026-02-22 13:47:00+00:00,67661.0,67692.3,67642.6,67680.12,22.85248
2026-02-22 13:48:00+00:00,67680.12,67712.33,67680.12,67694.16,19.35561
2026-02-22 13:49:00+00:00,67694.17,67707.48,67675.96,67686.76,2.97939
2026-02-22 13:50:00+00:00,67686.76,67689.55,67611.99,67612.0,17.73625
2026-02-22 13:51:00+00:00,67611.99,67612.0,67604.13,67604.14,5.04716
2026-02-22 13:52:00+00:00,67604.14,67651.52,67604.13,67626.1,34.7598
2026-02-22 13:53:00+00:00,67626.1,67638.62,67623.72,67623.72,22.42306
2026-02-22 13:54:00+00:00,67623.72,67629.11,67607.43,67623.62,14.65343
2026-02-22 13:55:00+00:00,67623.62,67647.43,67596.18,67596.19,18.67782
2026-02-22 13:56:00+00:00,67596.19,67628.47,67593.38,67628.47,3.99933
2026-02-22 13:57:00+00:00,67628.47,67630.5,67610.09,67630.49,5.49637
2026-02-22 13:58:00+00:00,67630.5,67668.57,67630.5,67654.79,5.67952
2026-02-22 13:59:00+00:00,67654.8,67654.8,67645.31,67652.38,3.89995
2026-02-22 14:00:00+00:00,67652.38,67671.28,67646.74,67661.7,6.54194
2026-02-22 14:01:00+00:00,67661.71,67661.85,67608.9,67608.91,7.72546
2026-02-22 14:02:00+00:00,67608.9,67621.61,67608.9,67612.41,5.73499
2026-02-22 14:03:00+00:00,67612.4,67612.41,67605.99,67605.99,1.62851
2026-02-22 14:04:00+00:00,67606.0,67606.0,67515.15,67536.34,34.71689
2026-02-22 14:05:00+00:00,67536.34,67543.98,67488.53,67489.0,16.74185
2026-02-22 14:06:00+00:00,67489.01,67580.55,67468.24,67559.35,51.40719
2026-02-22 14:07:00+00:00,67559.35,67577.08,67546.22,67550.55,7.57055
2026-02-22 14:08:00+00:00,67550.54,67651.3,67550.54,67607.37,14.83639
2026-02-22 14:09:00+00:00,67607.36,67607.37,67571.31,67584.82,4.7488
2026-02-22 14:10:00+00:00,67584.82,67601.31,67569.93,67601.31,7.44271
2026-02-22 14:11:00+00:00,67601.31,67602.4,67591.02,67593.1,2.8497
2026-02-22 14:12:00+00:00,67593.1,67593.11,67573.46,67584.79,5.24767
2026-02-22 14:13:00+00:00,67584.8,67651.18,67584.79,67651.18,4.36547
2026-02-22 14:14:00+00:00,67651.18,67656.14,67650.31,67650.31,2.77596
2026-02-22 14:15:00+00:00,67650.32,67670.0,67650.31,67670.0,5.49538
2026-02-22 14:16:00+00:00,67669.99,67680.0,67657.07,67670.0,4.36883
2026-02-22 14:17:00+00:00,67669.99,67670.0,67593.84,67593.84,12.54211
2026-02-22 14:18:00+00:00,67593.85,67595.35,67573.48,67590.78,4.55531
2026-02-22 14:19:00+00:00,67590.79,67590.84,67578.67,67585.25,4.51495
2026-02-22 14:20:00+00:00,67585.25,67619.3,67582.27,67619.29,5.36453
2026-02-22 14:21:00+00:00,67619.29,67619.3,67601.3,67601.3,1.93527
2026-02-22 14:22:00+00:00,67601.3,67656.99,67601.3,67656.98,3.13292
2026-02-22 14:23:00+00:00,67656.98,67656.99,67627.19,67630.51,3.52532
2026-02-22 14:24:00+00:00,67630.52,67630.52,67627.0,67627.01,0.97295
2026-02-22 14:25:00+00:00,67627.0,67630.52,67627.0,67630.52,0.93982
2026-02-22 14:26:00+00:00,67630.52,67630.52,67627.0,67627.0,3.18036
2026-02-22 14:27:00+00:00,67627.01,67627.01,67585.76,67585.77,12.9585
2026-02-22 14:28:00+00:00,67585.77,67613.38,67585.76,67605.57,20.573
2026-02-22 14:29:00+00:00,67605.58,67639.38,67605.57,67626.45,2.18466
2026-02-22 14:30:00+00:00,67626.45,67633.12,67626.45,67633.12,3.13051
2026-02-22 14:31:00+00:00,67633.12,67668.99,67633.11,67658.31,3.56465
2026-02-22 14:32:00+00:00,67658.31,67682.47,67638.15,67638.15,12.39347
2026-02-22 14:33:00+00:00,67638.16,67678.64,67638.15,67666.99,6.40698
2026-02-22 14:34:00+00:00,67666.99,67666.99,67636.45,67654.0,10.27672
2026-02-22 14:35:00+00:00,67653.99,67653.99,67589.93,67597.56,5.47611
2026-02-22 14:36:00+00:00,67597.55,67608.07,67585.77,67608.06,5.58831
2026-02-22 14:37:00+00:00,67608.07,67661.2,67608.06,67615.47,26.55575
2026-02-22 14:38:00+00:00,67615.47,67615.48,67609.92,67609.93,1.39667
2026-02-22 14:39:00+00:00,67609.92,67609.93,67593.24,67601.3,2.68868
2026-02-22 14:40:00+00:00,67601.3,67601.3,67595.27,67601.28,3.18814
2026-02-22 14:41:00+00:00,67601.28,67601.29,67552.0,67552.01,4.6971
2026-02-22 14:42:00+00:00,67552.0,67568.0,67489.88,67490.0,22.50599
2026-02-22 14:43:00+00:00,67490.0,67496.98,67398.23,67454.64,68.93154
2026-02-22 14:44:00+00:00,67454.65,67464.7,67418.1,67440.0,24.16251
2026-02-22 14:45:00+00:00,67440.01,67485.7,67440.01,67461.74,24.70972
2026-02-22 14:46:00+00:00,67461.74,67461.74,67389.15,67431.22,21.25674
2026-02-22 14:47:00+00:00,67431.23,67440.27,67384.22,67394.05,6.81991
2026-02-22 14:48:00+00:00,67394.04,67438.75,67394.04,67414.0,7.54744
2026-02-22 14:49:00+00:00,67414.0,67430.75,67353.75,67411.21,56.90247
2026-02-22 14:50:00+00:00,67411.21,67463.05,67411.21,67446.17,6.25925
2026-02-22 14:51:00+00:00,67446.18,67512.68,67436.47,67510.43,81.82837
2026-02-22 14:52:00+00:00,67510.44,67510.44,67492.91,67492.91,7.50976
2026-02-22 14:53:00+00:00,67492.92,67571.27,67492.91,67564.52,14.52971
2026-02-22 14:54:00+00:00,67564.52,67564.52,67485.58,67485.71,7.19104
2026-02-22 14:55:00+00:00,67485.7,67485.71,67426.24,67456.62,23.87036
2026-02-22 14:56:00+00:00,67456.61,67467.4,67439.12,67439.37,14.21865
2026-02-22 14:57:00+00:00,67439.38,67453.63,67430.82,67453.62,6.69257
2026-02-22 14:58:00+00:00,67453.63,67457.2,67399.99,67415.68,39.56966
2026-02-22 14:59:00+00:00,67415.67,67458.75,67399.99,67443.89,45.124
2026-02-22 15:00:00+00:00,67443.89,67470.25,67440.87,67446.01,8.48892
2026-02-22 15:01:00+00:00,67446.01,67458.34,67439.45,67454.89,6.78317
2026-02-22 15:02:00+00:00,67454.88,67461.11,67450.55,67458.01,4.41884
2026-02-22 15:03:00+00:00,67458.01,67486.76,67458.0,67458.0,12.55654
2026-02-22 15:04:00+00:00,67458.01,67466.51,67427.68,67443.71,10.64518
2026-02-22 15:05:00+00:00,67443.71,67444.0,67437.2,67437.2,4.38053
2026-02-22 15:06:00+00:00,67437.2,67438.04,67395.34,67395.34,11.60893
2026-02-22 15:07:00+00:00,67395.35,67395.35,67303.5,67322.83,34.67274
2026-02-22 15:08:00+00:00,67322.83,67357.99,67316.41,67318.97,10.05518
2026-02-22 15:09:00+00:00,67318.97,67362.46,67318.97,67353.24,10.99923
2026-02-22 15:10:00+00:00,67353.23,67376.75,67353.23,67365.69,26.7682
2026-02-22 15:11:00+00:00,67365.68,67407.52,67354.25,67407.52,10.87527
2026-02-22 15:12:00+00:00,67407.52,67424.0,67358.96,67374.27,16.20892
2026-02-22 15:13:00+00:00,67374.28,67386.01,67369.5,67386.01,3.6578
2026-02-22 15:14:00+00:00,67386.01,67438.04,67386.0,67413.99,14.31167
2026-02-22 15:15:00+00:00,67414.0,67425.65,67399.0,67399.01,9.11178
2026-02-22 15:16:00+00:00,67399.01,67399.01,67380.02,67396.88,4.32022
2026-02-22 15:17:00+00:00,67396.87,67396.88,67341.8,67348.34,7.06593
2026-02-22 15:18:00+00:00,67348.34,67391.11,67344.11,67372.58,4.25941
2026-02-22 15:19:00+00:00,67372.58,67394.95,67372.57,67394.95,2.24693
2026-02-22 15:20:00+00:00,67394.95,67438.04,67394.95,67435.87,6.10475
2026-02-22 15:21:00+00:00,67435.86,67435.86,67404.18,67418.35,6.92232
2026-02-22 15:22:00+00:00,67418.34,67444.0,67418.34,67435.22,7.72166
2026-02-22 15:23:00+00:00,67435.22,67487.06,67435.22,67476.28,19.23139
2026-02-22 15:24:00+00:00,67476.29,67494.11,67476.28,67494.1,8.16541
2026-02-22 15:25:00+00:00,67494.1,67588.22,67486.0,67588.21,17.78268
2026-02-22 15:26:00+00:00,67588.21,67609.0,67538.0,67586.45,23.16487
2026-02-22 15:27:00+00:00,67586.45,67586.45,67534.88,67534.89,4.54068
2026-02-22 15:28:00+00:00,67534.89,67556.91,67534.89,67555.04,9.30907
2026-02-22 15:29:00+00:00,67555.03,67599.04,67555.03,67599.03,6.95681
2026-02-22 15:30:00+00:00,67599.03,67599.04,67550.15,67550.15,3.26403
2026-02-22 15:31:00+00:00,67550.15,67592.45,67540.34,67592.44,3.2594
2026-02-22 15:32:00+00:00,67592.45,67625.92,67573.36,67620.3,36.4322
2026-02-22 15:33:00+00:00,67620.3,67632.03,67616.6,67623.97,10.76954
2026-02-22 15:34:00+00:00,67623.98,67642.64,67606.69,67641.61,10.53763
2026-02-22 15:35:00+00:00,67641.61,67665.76,67640.0,67657.77,8.46827
2026-02-22 15:36:00+00:00,67657.76,67701.73,67645.7,67690.57,14.90155
2026-02-22 15:37:00+00:00,67690.57,67704.4,67654.01,67671.05,21.55771
2026-02-22 15:38:00+00:00,67671.05,67736.0,67668.96,67733.23,44.51262
